species,Lon,Lat
Huperzia_tibetica,90.85,28.3
Huperzia_javanica,91.14,29.65
Huperzia_selago,93.3,28.7
Huperzia_tibetica,93.93,29.05
Huperzia_tibetica,93.95,29.02
Huperzia_tibetica,93.98,29
Huperzia_herteriana,94.58,29.33
Huperzia_selago,94.5833,29.3333
Huperzia_selago,94.583333,29.333333
Huperzia_delavayi,94.70871,29.63019
Huperzia_javanica,94.88,29.93
Huperzia_javanica,94.88,29.93
Huperzia_delavayi,94.97888,29.4749
Huperzia_delavayi,94.99206,29.46938685
Huperzia_javanica,95.26,29.22
Huperzia_javanica,95.33,29.32
Huperzia_javanica,95.33,29.32
Huperzia_selago,95.76,29.85
Huperzia_selago,96.91,30.05
Huperzia_javanica,97.46,28.66
Huperzia_javanica,98.294167,27.689722
Huperzia_javanica,98.294167,27.689722
Huperzia_rubicaulis,98.45,27.683333
Huperzia_rubicaulis,98.456944,27.691667
Huperzia_javanica,98.51,25.01
Huperzia_javanica,98.574867,27.763721
Huperzia_javanica,98.65,27.73
Huperzia_tibetica,98.66582,27.740736
Huperzia_javanica,98.7525,24.923889
Huperzia_javanica,98.7525,24.923889
Huperzia_javanica,98.76,24.848889
Huperzia_javanica,98.7617,24.8392
Huperzia_javanica,98.761749,24.839218
Huperzia_javanica,98.7678,24.8308
Huperzia_javanica,98.767998,24.8309
Huperzia_javanica,98.82524,23.763342
Huperzia_selago,98.9128,31.9544
Huperzia_javanica,99.02,23.92
Huperzia_javanica,99.55,22.32
Huperzia_selago,100.2221,25.5842
Huperzia_selago,100.222124,25.584234
Huperzia_javanica,100.82,24.42
Huperzia_javanica,101.487417,24.976725
Huperzia_javanica,101.487417,24.976725
Huperzia_javanica,102.01,23.59
Huperzia_chinensis,102.063825,31.476274
Huperzia_herteriana,102.206261,31.905842
Huperzia_emeiensis,102.234618,29.914155
Huperzia_herteriana,102.234618,29.914155
Huperzia_javanica,102.239789,24.271311
Huperzia_crispata,102.35,29.22
Huperzia_chinensis,102.359458,29.22787
Huperzia_crispata,102.37,29.23
Huperzia_javanica,102.38,24.16
Huperzia_javanica,102.392353,22.99417
Huperzia_javanica,102.42,23.01
Huperzia_javanica,102.43,23.35
Huperzia_herteriana,102.65,31.95
Huperzia_javanica,102.66,29.41
Huperzia_javanica,102.709729,25.045286
Huperzia_crispata,102.75,30.06
Huperzia_crispata,102.75,30.07
Huperzia_crispata,102.758313,30.066708
Huperzia_javanica,102.78,30.1
Huperzia_javanica,103.06,30.09
Huperzia_javanica,103.086573,22.792186
Huperzia_herteriana,103.132181,28.328636
Huperzia_javanica,103.160033,23.359119
Huperzia_emeiensis,103.231884,29.73797
Huperzia_javanica,103.24,22.77
Huperzia_crispata,103.27,29.23
Huperzia_emeiensis,103.332647,29.519367
Huperzia_emeiensis,103.356304,29.573827
Huperzia_javanica,103.38,29.95
Huperzia_emeiensis,103.39,29.49
Huperzia_selago,103.39,29.49
Huperzia_emeiensis,103.398589,29.496119
Huperzia_liangshanica,103.398589,29.496119
Huperzia_crispata,103.48,29.6
Huperzia_emeiensis,103.48,29.6
Huperzia_selago,103.48,29.6
Huperzia_javanica,103.494193,23.298608
Huperzia_javanica,103.51,29.62
Huperzia_javanica,103.51,30.91
Huperzia_javanica,103.517333,30.965092
Huperzia_javanica,103.53,28.87
Huperzia_crispata,103.554829,31.101627
Huperzia_crispata,103.578429,28.268951
Huperzia_herteriana,103.59895,32.637983
Huperzia_javanica,103.62,28.21
Huperzia_crispata,103.62359,31.00358
Huperzia_crispata,103.636769,28.230591
Huperzia_crispata,103.644569,28.234722
Huperzia_javanica,103.687613,22.983563
Huperzia_javanica,103.891767,36.519977
Huperzia_javanica,103.97,28.58
Huperzia_javanica,103.98,28.96
Huperzia_crispata,104.048284,27.625416
Huperzia_emeiensis,104.048284,27.625416
Huperzia_javanica,104.2,23.3
Huperzia_javanica,104.33555,32.89983333
Huperzia_javanica,104.35,23.62
Huperzia_crispata,104.422433,28.636107
Huperzia_javanica,104.53,28.16
Huperzia_javanica,104.68,23.42
Huperzia_javanica,104.68156,23.09767
Huperzia_javanica,104.72,23.12
Huperzia_emeiensis,104.873643,27.44164
Huperzia_javanica,105.07,24.05
Huperzia_javanica,105.08,24.51
Huperzia_javanica,105.09,24.05
Huperzia_javanica,105.18,25.44
Huperzia_javanica,105.34,24.8
Huperzia_javanica,105.49,25.11
Huperzia_javanica,105.61,23.62
Huperzia_javanica,105.69,28.57
Huperzia_javanica,105.85,23.42
Huperzia_emeiensis,106.08,30.79
Huperzia_javanica,106.15,31.07
Huperzia_javanica,106.24,24.31
Huperzia_javanica,106.26,26.42
Huperzia_javanica,106.26,29.29
Huperzia_nanlingensis,106.328423,24.737006
Huperzia_kunmingensis,106.3395,24.48022222
Huperzia_javanica,106.3457502,28.73232808
Huperzia_sutchueniana,106.3800167,29.32666667
Huperzia_emeiensis,106.4,30.7
Huperzia_javanica,106.41,23.15
Huperzia_javanica,106.41592,24.47743
Huperzia_javanica,106.54,29.59
Huperzia_crispata,106.543409,29.392441
Huperzia_javanica,106.55,24.35
Huperzia_javanica,106.56,24.78
Huperzia_javanica,106.62,23.91
Huperzia_javanica,106.65,26.13
Huperzia_javanica,106.71,26.57
Huperzia_javanica,106.75,22.11
Huperzia_javanica,106.84,22.36
Huperzia_javanica,106.9,23.75
Huperzia_sutchueniana,107.099275,29.157849
Huperzia_crispata,107.099276,29.157849
Huperzia_nanchuanensis,107.099276,29.157849
Huperzia_nanchuanensis,107.099544,29.152169
Huperzia_crispata,107.1,29.16
Huperzia_nanchuanensis,107.1,29.16
Huperzia_javanica,107.13,29.51
Huperzia_sutchueniana,107.166667,29
Huperzia_nanchuanensis,107.178746,29.01661989
Huperzia_nanchuanensis,107.195478,29.046651
Huperzia_javanica,107.21,22.85
Huperzia_nanchuanensis,107.216026,29.039864
Huperzia_crispata,107.218383,28.906473
Huperzia_javanica,107.22,26.58
Huperzia_selago,107.24,33.97
Huperzia_javanica,107.240744,28.90627
Huperzia_javanica,107.54,24.98
Huperzia_javanica,107.97,26.59
Huperzia_javanica,107.98,22.16
Huperzia_sutchueniana,107.98,29.74533333
Huperzia_javanica,108.01,30.31
Huperzia_javanica,108.07,26.38
Huperzia_sutchueniana,108.185012,30.023401
Huperzia_javanica,108.2,23.73
Huperzia_javanica,108.26,24.83
Huperzia_javanica,108.27,23.17
Huperzia_javanica,108.41,28.02
Huperzia_nanlingensis,108.4351543,23.4989787
Huperzia_javanica,108.51,25.94
Huperzia_javanica,108.59,23.44
Huperzia_crispata,108.697421,27.915079
Huperzia_emeiensis,108.769679,31.662397
Huperzia_javanica,108.81,23.22
Huperzia_javanica,108.82,27.68
Huperzia_javanica,108.9,24.79
Huperzia_javanica,109.03,19.25
Huperzia_javanica,109.18,28.17
Huperzia_javanica,109.2,22.7
Huperzia_javanica,109.24,25.07
Huperzia_javanica,109.42,29.64
Huperzia_javanica,109.44,19.23
Huperzia_emeiensis,109.444511,31.549299
Huperzia_sutchueniana,109.48,29.99
Huperzia_nanchuanensis,109.484961,29.990847
Huperzia_emeiensis,109.62,31.37
Huperzia_sutchueniana,109.62,31.37
Huperzia_javanica,109.64,28.71
Huperzia_javanica,109.66,23.6
Huperzia_sutchueniana,109.7,30.233333
Huperzia_javanica,109.716667,30.016667
Huperzia_crispata,109.816396,29.685865
Huperzia_crispata,109.84351,27.215077
Huperzia_javanica,109.96,27.11
Huperzia_javanica,109.98,22.27
Huperzia_javanica,110.02,25.78
Huperzia_emeiensis,110.032936,29.887732
Huperzia_javanica,110.0563631,29.75535685
Huperzia_sutchueniana,110.0609251,29.80060792
Huperzia_sutchueniana,110.0664279,29.73808
Huperzia_sutchueniana,110.0664279,29.7380811
Huperzia_javanica,110.0666792,29.738147
Huperzia_javanica,110.0668,29.73816
Huperzia_javanica,110.0744,29.7428
Huperzia_javanica,110.0797,29.777
Huperzia_javanica,110.0844,24.139
Huperzia_sutchueniana,110.1232488,29.78925
Huperzia_javanica,110.16,29.38
Huperzia_crispata,110.16,29.39
Huperzia_sutchueniana,110.16,29.39
Huperzia_nanlingensis,110.164258,29.401497
Huperzia_crispata,110.170413,29.405923
Huperzia_javanica,110.18,24.14
Huperzia_javanica,110.22,25.22
Huperzia_javanica,110.24,24.14
Huperzia_javanica,110.33,22.71
Huperzia_javanica,110.33,25.42
Huperzia_javanica,110.38,24.52
Huperzia_sutchueniana,110.475361,29.205462
Huperzia_emeiensis,110.483944,31.537554
Huperzia_javanica,110.5,29.3
Huperzia_nanchuanensis,110.563646,30.082272
Huperzia_sutchueniana,110.575848,27.06032
Huperzia_javanica,110.61,26.73
Huperzia_javanica,110.66,24.64
Huperzia_javanica,110.66,25.61
Huperzia_javanica,110.66,26.03
Huperzia_kunmingensis,110.772971,26.179437
Huperzia_javanica,110.84,26.44
Huperzia_kunmingensis,110.869041,26.155725
Huperzia_kunmingensis,110.8768528,26.13030833
Huperzia_javanica,110.9,23.36
Huperzia_javanica,110.96,22.36
Huperzia_javanica,111,22.95
Huperzia_javanica,111.06,25.96
Huperzia_javanica,111.09,29.41
Huperzia_javanica,111.191944,22.282222
Huperzia_javanica,111.195556,22.274444
Huperzia_javanica,111.217222,22.290278
Huperzia_javanica,111.22,23.51
Huperzia_javanica,111.3,24.53
Huperzia_sutchueniana,111.35,25.98333333
Huperzia_javanica,111.473448,22.212826
Huperzia_javanica,111.48,23.45
Huperzia_javanica,111.54,24.44
Huperzia_javanica,111.56,22.77
Huperzia_javanica,111.57,25.52
Huperzia_javanica,111.73,27.25
Huperzia_javanica,111.79,22.18
Huperzia_javanica,111.79,24.97
Huperzia_javanica,111.95,25.61
Huperzia_javanica,111.9964,25.18675
Huperzia_javanica,112.02,22.93
Huperzia_javanica,112.03477,25.25024
Huperzia_javanica,112.07,24.59
Huperzia_javanica,112.18,23.93
Huperzia_javanica,112.28,24.73
Huperzia_javanica,112.386111,26.410278
Huperzia_javanica,112.44,23.05
Huperzia_javanica,112.65,24.48
Huperzia_javanica,112.86,27.25
Huperzia_javanica,112.914938,24.69867
Huperzia_nanlingensis,112.9920444,24.43276667
Huperzia_javanica,113,28.21
Huperzia_javanica,113.01,23.7
Huperzia_javanica,113.082651,24.913331
Huperzia_emeiensis,113.166529,30.663372
Huperzia_javanica,113.28,24.77
Huperzia_javanica,113.35,25.14
Huperzia_javanica,113.38,24.17
Huperzia_javanica,113.577319,23.340975
Huperzia_javanica,113.81,23.13
Huperzia_sutchueniana,113.84,26.36
Huperzia_javanica,113.85,27.61
Huperzia_javanica,113.885224,23.640932
Huperzia_javanica,113.953351,23.812642
Huperzia_javanica,113.96,25.41
Huperzia_javanica,114.017797,23.283825
Huperzia_javanica,114.02,25.85
Huperzia_javanica,114.033645,23.794638
Huperzia_javanica,114.07,22.62
Huperzia_javanica,114.08,24.78
Huperzia_sutchueniana,114.1,26.58
Huperzia_javanica,114.17,26.57
Huperzia_javanica,114.19,22.27
Huperzia_javanica,114.25,23.75
Huperzia_javanica,114.28,23.18
Huperzia_javanica,114.36,25.39
Huperzia_javanica,114.51,26.33
Huperzia_sutchueniana,114.514242,26.32496
Huperzia_javanica,114.62,27.39
Huperzia_javanica,114.78,28.41
Huperzia_javanica,114.79,24.91
Huperzia_javanica,114.89,24.45
Huperzia_javanica,115.09,29.26
Huperzia_javanica,115.18,23.64
Huperzia_javanica,115.38,28.71
Huperzia_javanica,115.64,24.96
Huperzia_javanica,115.75,23.93
Huperzia_quasipolytrichoides,115.879605,31.67832
Huperzia_sutchueniana,115.879605,31.67832
Huperzia_javanica,115.97,29.71
Huperzia_javanica,115.973839,29.549439
Huperzia_sutchueniana,115.99,29.61
Huperzia_javanica,116.0194,30.9661
Huperzia_javanica,116.02,25.9
Huperzia_javanica,116.1,24.55
Huperzia_javanica,116.18,23.78
Huperzia_javanica,116.32,26.35
Huperzia_javanica,116.32,26.84
Huperzia_quasipolytrichoides,116.332887,31.392687
Huperzia_crispata,116.352594,26.318972
Huperzia_javanica,116.37,25.85
Huperzia_javanica,116.41,25.43
Huperzia_javanica,116.41,26.4
Huperzia_javanica,116.4808,30.7763
Huperzia_javanica,116.53,30.62
Huperzia_javanica,116.63,23.68
Huperzia_javanica,116.75,25.72
Huperzia_javanica,116.82,26.85
Huperzia_javanica,116.8644,26.742275
Huperzia_javanica,117.01,23.7
Huperzia_javanica,117.01,25.12
Huperzia_javanica,117.15,26.92
Huperzia_javanica,117.296,27.87077
Huperzia_javanica,117.32,24.38
Huperzia_javanica,117.35,24.51
Huperzia_javanica,117.71,28.32
Huperzia_javanica,117.75,24.62
Huperzia_javanica,117.77,26.41
Huperzia_javanica,117.81,26.8
Huperzia_javanica,117.84,30.64
Huperzia_javanica,117.9,24.59
Huperzia_javanica,118.03,27.75
Huperzia_javanica,118.03,27.75
Huperzia_javanica,118.11,26.1
Huperzia_javanica,118.11,27.3
Huperzia_javanica,118.11,31.71
Huperzia_javanica,118.16,26.65
Huperzia_javanica,118.18,25.07
Huperzia_javanica,118.18,30.07
Huperzia_javanica,118.19,29.81
Huperzia_javanica,118.24,25.5
Huperzia_javanica,118.25,28.68
Huperzia_javanica,118.44,29.88
Huperzia_javanica,118.57,30.07
Huperzia_javanica,118.61,28.74
Huperzia_sutchueniana,118.62,28.73
Huperzia_javanica,118.88,28.97
Huperzia_javanica,118.95,30.62
Huperzia_javanica,119.05,29.61
Huperzia_javanica,119.06,27.61
Huperzia_javanica,119.06,27.61
Huperzia_sutchueniana,119.06,27.61
Huperzia_javanica,119.13,28.08
Huperzia_sutchueniana,119.13,28.08
Huperzia_javanica,119.25,28.59
Huperzia_sutchueniana,119.276247,28.59204
Huperzia_javanica,119.56,28.12
Huperzia_javanica,119.64,29.12
Huperzia_javanica,119.64,29.81
Huperzia_javanica,119.68,30.68
Huperzia_javanica,119.71,27.57
Huperzia_javanica,119.72,30.23
Huperzia_javanica,119.82,31.36
Huperzia_javanica,119.92,28.45
Huperzia_javanica,120.41,29.01
Huperzia_somae,120.5994,23.5317
Huperzia_quasipolytrichoides,120.599444,23.531667
Huperzia_somae,120.599444,23.531667
Huperzia_javanica,120.601812,23.691661
Huperzia_javanica,120.604761,23.416944
Huperzia_javanica,120.604991,23.13622
Huperzia_javanica,120.606177,22.453099
Huperzia_javanica,120.606262,23.797444
Huperzia_javanica,120.608171,22.432148
Huperzia_javanica,120.611179,22.505575
Huperzia_javanica,120.62,27.8
Huperzia_javanica,120.622973,23.443575
Huperzia_javanica,120.623007,22.415601
Huperzia_javanica,120.625972,23.517831
Huperzia_somae,120.6301,23.5057
Huperzia_somae,120.630102,23.505711
Huperzia_javanica,120.633069,23.581364
Huperzia_javanica,120.634205,23.168002
Huperzia_javanica,120.636515,23.655664
Huperzia_javanica,120.638385,22.576588
Huperzia_javanica,120.640109,22.382105
Huperzia_somae,120.6403,23.4828
Huperzia_javanica,120.643006,22.561178
Huperzia_javanica,120.64637,23.160055
Huperzia_somae,120.6501,23.5411
Huperzia_javanica,120.653353,23.410978
Huperzia_quasipolytrichoides,120.658056,22.582778
Huperzia_javanica,120.661105,22.480595
Huperzia_javanica,120.661469,23.502452
Huperzia_javanica,120.664188,23.632703
Huperzia_javanica,120.664978,22.463747
Huperzia_javanica,120.665895,22.570747
Huperzia_quasipolytrichoides,120.666667,22.6
Huperzia_javanica,120.668551,23.502349
Huperzia_javanica,120.669032,22.44944
Huperzia_javanica,120.670112,22.448615
Huperzia_javanica,120.674759,22.459402
Huperzia_javanica,120.676478,23.554045
Huperzia_javanica,120.680833,22.978611
Huperzia_javanica,120.682002,22.332379
Huperzia_javanica,120.682618,23.561787
Huperzia_javanica,120.682879,22.580629
Huperzia_javanica,120.686326,23.473363
Huperzia_javanica,120.686412,23.670218
Huperzia_javanica,120.688559,23.51344
Huperzia_javanica,120.692647,22.50856
Huperzia_somae,120.698454,23.552059
Huperzia_javanica,120.698566,22.473755
Huperzia_javanica,120.7,23
Huperzia_javanica,120.7,23.5
Huperzia_javanica,120.700216,23.42688
Huperzia_javanica,120.700684,23.470783
Huperzia_javanica,120.702008,22.450554
Huperzia_somae,120.702743,23.406046
Huperzia_javanica,120.704347,22.416185
Huperzia_javanica,120.706398,23.60045
Huperzia_javanica,120.706441,22.575734
Huperzia_javanica,120.706525,22.50759
Huperzia_javanica,120.707778,22.915278
Huperzia_javanica,120.71014,23.563732
Huperzia_javanica,120.710287,23.483292
Huperzia_javanica,120.711818,23.487271
Huperzia_javanica,120.714772,23.653918
Huperzia_somae,120.714956,23.498346
Huperzia_javanica,120.715142,23.523569
Huperzia_javanica,120.715281,22.569375
Huperzia_javanica,120.715864,23.555839
Huperzia_javanica,120.716432,23.038033
Huperzia_javanica,120.716667,22.425
Huperzia_javanica,120.716667,22.616667
Huperzia_quasipolytrichoides,120.716667,22.616667
Huperzia_javanica,120.716667,23
Huperzia_javanica,120.718125,23.531073
Huperzia_javanica,120.719358,23.497539
Huperzia_javanica,120.721141,23.487716
Huperzia_javanica,120.724196,23.462837
Huperzia_javanica,120.731404,23.460472
Huperzia_somae,120.7333,22.4167
Huperzia_javanica,120.733302,23.504474
Huperzia_javanica,120.73333,22.4
Huperzia_javanica,120.733333,22.416667
Huperzia_somae,120.733333,22.416667
Huperzia_javanica,120.736944,23.063889
Huperzia_javanica,120.737529,23.51611
Huperzia_javanica,120.737745,23.718589
Huperzia_javanica,120.74,22.61
Huperzia_quasipolytrichoides,120.74,22.61
Huperzia_quasipolytrichoides,120.74,22.62
Huperzia_javanica,120.742113,22.496909
Huperzia_quasipolytrichoides,120.742778,22.618889
Huperzia_quasipolytrichoides,120.744722,22.611389
Huperzia_javanica,120.746019,23.505278
Huperzia_quasipolytrichoides,120.748333,22.625
Huperzia_quasipolytrichoides,120.748611,22.625278
Huperzia_javanica,120.749167,23.081944
Huperzia_javanica,120.75,22.42
Huperzia_somae,120.75,24.4333
Huperzia_javanica,120.75,24.433333
Huperzia_somae,120.75,24.433333
Huperzia_javanica,120.751042,22.563475
Huperzia_javanica,120.751111,23.080833
Huperzia_javanica,120.752222,22.623611
Huperzia_javanica,120.752222,22.630556
Huperzia_quasipolytrichoides,120.752222,22.630556
Huperzia_javanica,120.753339,23.423908
Huperzia_javanica,120.759514,23.539681
Huperzia_somae,120.759797,23.533201
Huperzia_somae,120.7598,23.5332
Huperzia_javanica,120.762477,23.595679
Huperzia_javanica,120.7625,22.408889
Huperzia_javanica,120.766637,22.514975
Huperzia_javanica,120.766667,22.4
Huperzia_javanica,120.76667,22.4
Huperzia_javanica,120.770833,23.086389
Huperzia_javanica,120.771503,22.573419
Huperzia_javanica,120.771667,22.396667
Huperzia_javanica,120.772046,23.577838
Huperzia_javanica,120.776781,23.636693
Huperzia_javanica,120.776944,22.434444
Huperzia_javanica,120.776977,23.476208
Huperzia_javanica,120.777401,23.433
Huperzia_javanica,120.78,22.691389
Huperzia_javanica,120.78,23.62
Huperzia_quasipolytrichoides,120.781506,23.529905
Huperzia_selago,120.7819,23.7878
Huperzia_javanica,120.781944,22.410556
Huperzia_javanica,120.781944,23.787778
Huperzia_selago,120.781944,23.787778
Huperzia_javanica,120.782206,22.473549
Huperzia_javanica,120.782392,23.463113
Huperzia_somae,120.7833,23.5
Huperzia_somae,120.7833,23.5333
Huperzia_somae,120.7833,23.6167
Huperzia_somae,120.7833,23.6333
Huperzia_somae,120.78333,23.5
Huperzia_somae,120.78333,23.53333
Huperzia_javanica,120.78333,23.58333
Huperzia_somae,120.78333,23.61667
Huperzia_somae,120.783333,23.533333
Huperzia_quasipolytrichoides,120.783333,23.633333
Huperzia_somae,120.783333,23.633333
Huperzia_javanica,120.784444,23.651667
Huperzia_quasipolytrichoides,120.785228,23.529639
Huperzia_javanica,120.785504,23.490514
Huperzia_javanica,120.786297,23.438308
Huperzia_javanica,120.786389,23.670556
Huperzia_javanica,120.786667,23.64
Huperzia_javanica,120.786676,23.63778
Huperzia_javanica,120.789135,23.512609
Huperzia_javanica,120.792222,23.677778
Huperzia_javanica,120.792848,22.401488
Huperzia_somae,120.793056,23.64
Huperzia_somae,120.7931,23.64
Huperzia_somae,120.7938,23.6212
Huperzia_somae,120.793889,23.514167
Huperzia_somae,120.7939,23.5142
Huperzia_javanica,120.796071,23.513603
Huperzia_javanica,120.796467,22.579782
Huperzia_somae,120.797863,23.536662
Huperzia_somae,120.797875,23.536547
Huperzia_javanica,120.79846,22.502133
Huperzia_somae,120.7997,23.5467
Huperzia_javanica,120.799722,23.546667
Huperzia_somae,120.799722,23.546667
Huperzia_javanica,120.8,23.1
Huperzia_somae,120.8,23.55
Huperzia_javanica,120.8,24.5
Huperzia_javanica,120.804296,23.370053
Huperzia_javanica,120.805432,24.217779
Huperzia_somae,120.8058,23.5361
Huperzia_somae,120.805833,23.536111
Huperzia_somae,120.805908,23.630213
Huperzia_selago,120.8061,23.5167
Huperzia_somae,120.8061,23.5167
Huperzia_javanica,120.806111,23.516667
Huperzia_quasipolytrichoides,120.806111,23.516667
Huperzia_selago,120.806111,23.516667
Huperzia_somae,120.806111,23.516667
Huperzia_somae,120.806944,22.701667
Huperzia_quasipolytrichoides,120.8089,23.548723
Huperzia_javanica,120.81,22.7
Huperzia_somae,120.81,22.7
Huperzia_javanica,120.810174,23.343776
Huperzia_quasipolytrichoides,120.810833,23.553421
Huperzia_somae,120.811518,23.511669
Huperzia_quasipolytrichoides,120.81221,23.556222
Huperzia_quasipolytrichoides,120.813056,23.518611
Huperzia_somae,120.813056,23.518611
Huperzia_somae,120.8131,23.5186
Huperzia_quasipolytrichoides,120.81318,23.556404
Huperzia_quasipolytrichoides,120.814722,23.110833
Huperzia_javanica,120.81509,22.37983
Huperzia_javanica,120.819167,23.494167
Huperzia_somae,120.819167,23.494167
Huperzia_somae,120.8192,23.4942
Huperzia_somae,120.820887,23.502055
Huperzia_javanica,120.824278,22.634027
Huperzia_javanica,120.824772,22.863781
Huperzia_somae,120.825501,23.482484
Huperzia_somae,120.825514,23.482456
Huperzia_javanica,120.825685,24.315944
Huperzia_somae,120.826366,23.482564
Huperzia_javanica,120.829599,23.499133
Huperzia_somae,120.830009,23.47497
Huperzia_somae,120.8356,23.5272
Huperzia_somae,120.835644,23.527204
Huperzia_somae,120.845676,23.47147
Huperzia_quasipolytrichoides,120.846362,23.471983
Huperzia_somae,120.846558,23.472105
Huperzia_javanica,120.851429,23.294137
Huperzia_javanica,120.854444,22.873889
Huperzia_quasipolytrichoides,120.854444,22.873889
Huperzia_javanica,120.859781,23.391332
Huperzia_somae,120.860189,23.541588
Huperzia_javanica,120.86666,23.51666
Huperzia_somae,120.872362,23.471258
Huperzia_javanica,120.873753,23.266356
Huperzia_javanica,120.88016,23.392766
Huperzia_somae,120.880575,23.483067
Huperzia_javanica,120.88064,23.366549
Huperzia_somae,120.8833,23.4833
Huperzia_javanica,120.883333,22.733333
Huperzia_somae,120.883333,23.483333
Huperzia_quasipolytrichoides,120.884021,23.280826
Huperzia_quasipolytrichoides,120.893765,23.536725
Huperzia_javanica,120.894023,23.453241
Huperzia_quasipolytrichoides,120.895,22.747778
Huperzia_javanica,120.895556,22.731111
Huperzia_quasipolytrichoides,120.9,23.23333
Huperzia_javanica,120.9,23.283333
Huperzia_javanica,120.905013,24.337961
Huperzia_javanica,120.905432,23.317685
Huperzia_somae,120.9059,23.2836
Huperzia_somae,120.90594,23.283639
Huperzia_quasipolytrichoides,120.907495,23.283152
Huperzia_quasipolytrichoides,120.907778,23.231111
Huperzia_javanica,120.907944,22.511314
Huperzia_javanica,120.909906,22.639106
Huperzia_javanica,120.910172,24.231444
Huperzia_somae,120.9119,23.2792
Huperzia_somae,120.911944,23.279167
Huperzia_quasipolytrichoides,120.912314,23.257175
Huperzia_quasipolytrichoides,120.913281,23.246644
Huperzia_quasipolytrichoides,120.913461,23.245858
Huperzia_quasipolytrichoides,120.914531,23.258881
Huperzia_quasipolytrichoides,120.914558,23.258846
Huperzia_quasipolytrichoides,120.914594,23.2589
Huperzia_quasipolytrichoides,120.914594,23.258947
Huperzia_quasipolytrichoides,120.914642,23.258892
Huperzia_quasipolytrichoides,120.914667,23.258864
Huperzia_quasipolytrichoides,120.915833,23.471389
Huperzia_javanica,120.918725,23.638179
Huperzia_javanica,120.919722,23.460833
Huperzia_javanica,120.924549,22.464774
Huperzia_somae,120.9275,23.26
Huperzia_javanica,120.93,23.26
Huperzia_quasipolytrichoides,120.93,23.26
Huperzia_quasipolytrichoides,120.93333,23.25
Huperzia_javanica,120.933333,22.633333
Huperzia_quasipolytrichoides,120.933333,23.255
Huperzia_somae,120.935556,23.258889
Huperzia_somae,120.9375,23.2708
Huperzia_somae,120.9375,23.270833
Huperzia_quasipolytrichoides,120.937778,23.249167
Huperzia_somae,120.94,23.26
Huperzia_javanica,120.94,28.14
Huperzia_javanica,120.94059,24.22906
Huperzia_somae,120.943261,23.259509
Huperzia_somae,120.944297,23.423978
Huperzia_javanica,120.94488,24.18076
Huperzia_somae,120.945822,23.608747
Huperzia_somae,120.947705,23.540161
Huperzia_somae,120.948283,23.594149
Huperzia_selago,120.95,23.45
Huperzia_javanica,120.95,24.483333
Huperzia_selago,120.9525,23.445833
Huperzia_somae,120.9558,23.5673
Huperzia_javanica,120.956094,23.521824
Huperzia_somae,120.96051,23.697807
Huperzia_javanica,120.960556,23.468333
Huperzia_quasipolytrichoides,120.960556,23.468333
Huperzia_selago,120.960556,23.468333
Huperzia_somae,120.961,23.6978
Huperzia_javanica,120.961254,23.717402
Huperzia_quasipolytrichoides,120.9625,23.27
Huperzia_quasipolytrichoides,120.962778,24.8
Huperzia_somae,120.962778,24.8
Huperzia_somae,120.9628,24.8
Huperzia_javanica,120.964674,24.149892
Huperzia_javanica,120.966667,22.616667
Huperzia_quasipolytrichoides,120.966667,23.25
Huperzia_javanica,120.966667,24.55
Huperzia_javanica,120.968739,24.274667
Huperzia_quasipolytrichoides,120.971944,23.286389
Huperzia_javanica,120.972395,23.542677
Huperzia_quasipolytrichoides,120.975278,23.269444
Huperzia_somae,120.975278,23.269444
Huperzia_somae,120.9753,23.2694
Huperzia_javanica,120.9775,24.098333
Huperzia_javanica,120.977962,23.268103
Huperzia_quasipolytrichoides,120.97826,23.214049
Huperzia_javanica,120.9825,24.109444
Huperzia_somae,120.983011,24.269033
Huperzia_somae,120.985278,24.256389
Huperzia_javanica,120.989029,23.273042
Huperzia_quasipolytrichoides,120.99,23.497222
Huperzia_javanica,120.993333,23.849444
Huperzia_javanica,120.995556,24.591389
Huperzia_quasipolytrichoides,120.996517,23.558196
Huperzia_javanica,120.997362,24.315652
Huperzia_somae,120.9976,24.3907
Huperzia_javanica,120.998056,23.231944
Huperzia_javanica,121,22.8
Huperzia_javanica,121,24.166667
Huperzia_somae,121.0044,24.2647
Huperzia_quasipolytrichoides,121.004444,24.264722
Huperzia_somae,121.004444,24.264722
Huperzia_javanica,121.01,24.52
Huperzia_javanica,121.016295,24.426669
Huperzia_javanica,121.016667,24.153889
Huperzia_javanica,121.016667,24.516667
Huperzia_javanica,121.019654,23.188223
Huperzia_javanica,121.019722,23.188333
Huperzia_javanica,121.019722,24.092778
Huperzia_javanica,121.03,24.51
Huperzia_sutchueniana,121.03,29.13
Huperzia_javanica,121.03,29.15
Huperzia_javanica,121.03118,24.09308
Huperzia_javanica,121.033333,22.883333
Huperzia_javanica,121.033333,22.9
Huperzia_javanica,121.033889,24.265833
Huperzia_javanica,121.035833,24.070556
Huperzia_somae,121.036439,24.303157
Huperzia_javanica,121.048573,24.03276
Huperzia_javanica,121.067778,24.474444
Huperzia_javanica,121.068438,24.593044
Huperzia_javanica,121.073473,24.03866
Huperzia_somae,121.075556,24.458333
Huperzia_javanica,121.075556,24.508333
Huperzia_somae,121.0756,24.4583
Huperzia_javanica,121.083161,24.512408
Huperzia_somae,121.085456,24.470309
Huperzia_javanica,121.088778,24.405005
Huperzia_javanica,121.091898,24.139763
Huperzia_somae,121.092202,24.34162
Huperzia_javanica,121.094916,24.568558
Huperzia_somae,121.1,24.4833
Huperzia_javanica,121.1,24.48333
Huperzia_somae,121.1,24.48333
Huperzia_javanica,121.1,24.5
Huperzia_somae,121.1,24.5
Huperzia_javanica,121.110556,24.497778
Huperzia_somae,121.110595,24.495808
Huperzia_javanica,121.111113,22.998264
Huperzia_somae,121.111917,24.494197
Huperzia_somae,121.111992,24.494197
Huperzia_quasipolytrichoides,121.116667,23.266667
Huperzia_javanica,121.12,23.07
Huperzia_javanica,121.120833,24.075833
Huperzia_javanica,121.128676,24.460535
Huperzia_javanica,121.139167,24.030556
Huperzia_javanica,121.146675,24.669542
Huperzia_javanica,121.15,23.05
Huperzia_javanica,121.153056,24.32
Huperzia_quasipolytrichoides,121.153056,24.32
Huperzia_javanica,121.155405,24.016418
Huperzia_javanica,121.156223,24.512029
Huperzia_javanica,121.158544,24.491319
Huperzia_javanica,121.16,24.63
Huperzia_selago,121.160278,23.048611
Huperzia_selago,121.1603,23.0486
Huperzia_javanica,121.161622,24.567309
Huperzia_javanica,121.161944,24.0675
Huperzia_javanica,121.162706,24.098551
Huperzia_javanica,121.166667,22.916667
Huperzia_quasipolytrichoides,121.166667,24.1
Huperzia_javanica,121.166667,24.633333
Huperzia_somae,121.1694,24.0856
Huperzia_somae,121.169444,24.085556
Huperzia_javanica,121.173659,24.448778
Huperzia_somae,121.1797,24.0986
Huperzia_somae,121.179722,24.098611
Huperzia_somae,121.1801,24.1793
Huperzia_somae,121.180147,24.179281
Huperzia_somae,121.181667,24.097778
Huperzia_somae,121.1817,24.0978
Huperzia_javanica,121.188153,23.097084
Huperzia_quasipolytrichoides,121.192122,24.30973
Huperzia_appressa,121.204786,24.413331
Huperzia_selago,121.204786,24.413331
Huperzia_javanica,121.209228,24.496496
Huperzia_quasipolytrichoides,121.211028,24.188589
Huperzia_quasipolytrichoides,121.211667,24.044167
Huperzia_javanica,121.219969,24.55372
Huperzia_selago,121.22,24.16
Huperzia_javanica,121.22,24.55
Huperzia_javanica,121.222795,24.712928
Huperzia_selago,121.223889,24.461389
Huperzia_somae,121.2286,24.1683
Huperzia_somae,121.228611,24.168333
Huperzia_quasipolytrichoides,121.23,24.03
Huperzia_selago,121.23,24.17
Huperzia_quasipolytrichoides,121.2325,24.100833
Huperzia_quasipolytrichoides,121.233333,24.033333
Huperzia_javanica,121.233333,24.566667
Huperzia_javanica,121.237197,24.667905
Huperzia_quasipolytrichoides,121.237728,24.047174
Huperzia_javanica,121.239356,24.490837
Huperzia_javanica,121.24,24.39
Huperzia_javanica,121.240502,24.590299
Huperzia_quasipolytrichoides,121.242668,24.164328
Huperzia_javanica,121.247379,24.472028
Huperzia_javanica,121.2475,24.255556
Huperzia_quasipolytrichoides,121.25,23.983333
Huperzia_appressa,121.25,24.13333
Huperzia_selago,121.25,24.13333
Huperzia_quasipolytrichoides,121.25,24.45
Huperzia_somae,121.2508,24.4631
Huperzia_quasipolytrichoides,121.250833,24.463056
Huperzia_somae,121.250833,24.463056
Huperzia_selago,121.252778,24.4575
Huperzia_selago,121.2528,24.4575
Huperzia_quasipolytrichoides,121.253309,24.097115
Huperzia_javanica,121.253695,24.623129
Huperzia_javanica,121.266667,23.266667
Huperzia_quasipolytrichoides,121.266667,24.55
Huperzia_appressa,121.26667,24.16667
Huperzia_selago,121.26667,24.16667
Huperzia_selago,121.2667,24.1667
Huperzia_quasipolytrichoides,121.268056,24.118611
Huperzia_selago,121.270278,23.323056
Huperzia_selago,121.2703,23.3231
Huperzia_javanica,121.272222,25.125097
Huperzia_javanica,121.273611,24.427222
Huperzia_quasipolytrichoides,121.273611,24.427222
Huperzia_somae,121.27472,23.533825
Huperzia_javanica,121.274874,24.483429
Huperzia_quasipolytrichoides,121.276389,24.0575
Huperzia_somae,121.2769,23.4537
Huperzia_quasipolytrichoides,121.27978,24.04537
Huperzia_quasipolytrichoides,121.28,24.14
Huperzia_quasipolytrichoides,121.28,24.426389
Huperzia_javanica,121.280682,24.746704
Huperzia_quasipolytrichoides,121.28078,24.04215
Huperzia_quasipolytrichoides,121.282222,24.136667
Huperzia_quasipolytrichoides,121.283333,24.133333
Huperzia_quasipolytrichoides,121.283333,24.15
Huperzia_javanica,121.283333,24.316667
Huperzia_javanica,121.283333,24.566667
Huperzia_appressa,121.283611,24.427222
Huperzia_selago,121.283611,24.427222
Huperzia_quasipolytrichoides,121.284944,24.430808
Huperzia_quasipolytrichoides,121.284958,24.430692
Huperzia_javanica,121.28529,24.719496
Huperzia_quasipolytrichoides,121.285833,24.019167
Huperzia_quasipolytrichoides,121.286111,24.138889
Huperzia_quasipolytrichoides,121.286944,24.158611
Huperzia_quasipolytrichoides,121.288333,24.434722
Huperzia_appressa,121.289444,24.427778
Huperzia_selago,121.289444,24.427778
Huperzia_quasipolytrichoides,121.29007,24.13467
Huperzia_quasipolytrichoides,121.293928,24.15057
Huperzia_quasipolytrichoides,121.294313,24.432854
Huperzia_quasipolytrichoides,121.298611,24.431111
Huperzia_javanica,121.3,24.566667
Huperzia_javanica,121.3,24.69
Huperzia_javanica,121.300205,24.462498
Huperzia_javanica,121.303257,24.006023
Huperzia_javanica,121.305,24.431944
Huperzia_quasipolytrichoides,121.305833,24.108611
Huperzia_javanica,121.308552,24.69202
Huperzia_quasipolytrichoides,121.31,24.11
Huperzia_quasipolytrichoides,121.31,24.44
Huperzia_quasipolytrichoides,121.310556,24.090556
Huperzia_quasipolytrichoides,121.311111,24.114167
Huperzia_quasipolytrichoides,121.312778,24.182222
Huperzia_javanica,121.313412,24.605103
Huperzia_quasipolytrichoides,121.313757,24.43847
Huperzia_quasipolytrichoides,121.314358,24.171039
Huperzia_javanica,121.316389,24.754444
Huperzia_quasipolytrichoides,121.316667,24.083333
Huperzia_quasipolytrichoides,121.31667,24.13333
Huperzia_javanica,121.318634,24.684533
Huperzia_quasipolytrichoides,121.320251,24.115272
Huperzia_javanica,121.320934,24.673508
Huperzia_quasipolytrichoides,121.328639,24.145139
Huperzia_javanica,121.331389,23.185278
Huperzia_javanica,121.333333,24.583333
Huperzia_quasipolytrichoides,121.337412,24.135266
Huperzia_javanica,121.339422,24.39623
Huperzia_quasipolytrichoides,121.342778,24.585556
Huperzia_javanica,121.344444,24.585833
Huperzia_javanica,121.344954,24.682821
Huperzia_javanica,121.345,24.385556
Huperzia_somae,121.35,23.666667
Huperzia_somae,121.35,23.6667
Huperzia_javanica,121.351002,24.611422
Huperzia_javanica,121.351554,24.626987
Huperzia_javanica,121.360833,24.929167
Huperzia_javanica,121.366584,24.418908
Huperzia_somae,121.366667,23.65
Huperzia_somae,121.3667,23.65
Huperzia_javanica,121.371109,24.673833
Huperzia_somae,121.38,24.18
Huperzia_quasipolytrichoides,121.38,24.37
Huperzia_javanica,121.38,24.52
Huperzia_javanica,121.38,24.54
Huperzia_javanica,121.38333,24.56667
Huperzia_quasipolytrichoides,121.383333,24.366667
Huperzia_javanica,121.383333,24.566667
Huperzia_javanica,121.383333,24.65
Huperzia_javanica,121.383333,24.8
Huperzia_somae,121.383889,24.182778
Huperzia_javanica,121.384444,24.381667
Huperzia_quasipolytrichoides,121.388889,24.376111
Huperzia_quasipolytrichoides,121.39,24.38
Huperzia_javanica,121.39,24.58
Huperzia_appressa,121.391785,24.037563
Huperzia_selago,121.391785,24.037563
Huperzia_selago,121.3918,24.0376
Huperzia_javanica,121.393611,24.57
Huperzia_quasipolytrichoides,121.395833,24.371944
Huperzia_quasipolytrichoides,121.395833,24.536389
Huperzia_javanica,121.397473,24.609953
Huperzia_javanica,121.398844,24.700595
Huperzia_javanica,121.4,24.18
Huperzia_quasipolytrichoides,121.4,24.38333
Huperzia_quasipolytrichoides,121.4,24.54
Huperzia_javanica,121.4,24.57
Huperzia_somae,121.4,24.5833
Huperzia_javanica,121.4,24.583333
Huperzia_somae,121.4,24.583333
Huperzia_javanica,121.4,24.8
Huperzia_javanica,121.401667,24.746944
Huperzia_javanica,121.401944,24.705
Huperzia_javanica,121.402778,24.491667
Huperzia_quasipolytrichoides,121.405,24.3825
Huperzia_somae,121.406638,24.577015
Huperzia_javanica,121.40703,24.400783
Huperzia_javanica,121.407222,24.576667
Huperzia_javanica,121.41,24.57
Huperzia_somae,121.41,24.57
Huperzia_somae,121.410278,24.571111
Huperzia_quasipolytrichoides,121.411389,24.379167
Huperzia_quasipolytrichoides,121.412778,24.304444
Huperzia_quasipolytrichoides,121.413333,24.378611
Huperzia_javanica,121.41354,24.861546
Huperzia_javanica,121.416667,24.733333
Huperzia_javanica,121.41667,24.65
Huperzia_somae,121.416916,24.573746
Huperzia_javanica,121.417778,24.763056
Huperzia_somae,121.42,24.57
Huperzia_javanica,121.42,29.31
Huperzia_somae,121.421389,24.370556
Huperzia_somae,121.4214,24.3706
Huperzia_javanica,121.424563,24.884793
Huperzia_javanica,121.4247,29.2892
Huperzia_somae,121.4258,24.7353
Huperzia_javanica,121.425833,24.735278
Huperzia_quasipolytrichoides,121.425833,24.735278
Huperzia_somae,121.425833,24.735278
Huperzia_javanica,121.426111,24.735278
Huperzia_javanica,121.428366,24.623187
Huperzia_javanica,121.42859,24.880206
Huperzia_javanica,121.429213,24.975017
Huperzia_quasipolytrichoides,121.43,24.37
Huperzia_javanica,121.43,24.73
Huperzia_arctica,121.43333,24.36667
Huperzia_selago,121.43333,24.36667
Huperzia_selago,121.433333,24.35
Huperzia_quasipolytrichoides,121.433333,24.366666
Huperzia_quasipolytrichoides,121.433333,24.366667
Huperzia_selago,121.433333,24.366667
Huperzia_javanica,121.433333,24.65
Huperzia_javanica,121.434908,24.923562
Huperzia_selago,121.435,24.346667
Huperzia_selago,121.435,24.3467
Huperzia_somae,121.435278,23.9075
Huperzia_somae,121.4353,23.9075
Huperzia_javanica,121.435556,23.9075
Huperzia_selago,121.435833,24.370278
Huperzia_javanica,121.436111,24.79
Huperzia_selago,121.436944,24.365556
Huperzia_javanica,121.438824,24.760757
Huperzia_selago,121.439722,24.368611
Huperzia_selago,121.44,24.37
Huperzia_javanica,121.44,24.72
Huperzia_selago,121.440074,24.376399
Huperzia_javanica,121.441033,24.71046
Huperzia_javanica,121.443333,24.361667
Huperzia_quasipolytrichoides,121.443333,24.361667
Huperzia_selago,121.443333,24.361667
Huperzia_javanica,121.443611,24.411944
Huperzia_selago,121.443611,24.411944
Huperzia_javanica,121.444722,24.701667
Huperzia_javanica,121.446891,24.657511
Huperzia_javanica,121.45,24.783333
Huperzia_javanica,121.452625,25.12742
Huperzia_javanica,121.46,24.49
Huperzia_javanica,121.46,24.75
Huperzia_arctica,121.463996,24.349064
Huperzia_quasipolytrichoides,121.46667,24.66667
Huperzia_javanica,121.468056,24.655556
Huperzia_javanica,121.469161,24.845887
Huperzia_javanica,121.47,24.48
Huperzia_javanica,121.47,24.68
Huperzia_quasipolytrichoides,121.47,24.68
Huperzia_javanica,121.47,24.69
Huperzia_javanica,121.470553,24.479673
Huperzia_quasipolytrichoides,121.470556,24.678056
Huperzia_javanica,121.470833,24.479167
Huperzia_quasipolytrichoides,121.471111,24.673889
Huperzia_javanica,121.474634,24.465631
Huperzia_javanica,121.476916,24.836429
Huperzia_javanica,121.476934,24.732502
Huperzia_javanica,121.477031,25.113875
Huperzia_quasipolytrichoides,121.478408,24.642162
Huperzia_javanica,121.483065,24.473095
Huperzia_quasipolytrichoides,121.483333,24.683333
Huperzia_javanica,121.483333,24.9
Huperzia_javanica,121.491528,24.662853
Huperzia_javanica,121.492222,24.775
Huperzia_javanica,121.495468,24.835895
Huperzia_javanica,121.495556,24.775833
Huperzia_javanica,121.5,25.175833
Huperzia_javanica,121.5,25.183333
Huperzia_javanica,121.501685,24.635135
Huperzia_quasipolytrichoides,121.502708,24.680212
Huperzia_quasipolytrichoides,121.502755,24.680083
Huperzia_javanica,121.502778,24.597222
Huperzia_somae,121.5035,24.4387
Huperzia_javanica,121.504772,24.55146
Huperzia_quasipolytrichoides,121.508418,24.683347
Huperzia_javanica,121.508798,24.662535
Huperzia_javanica,121.510412,24.650854
Huperzia_javanica,121.51575,24.580649
Huperzia_javanica,121.51667,24.46667
Huperzia_somae,121.51667,24.5
Huperzia_javanica,121.51667,24.68333
Huperzia_somae,121.5167,24.5
Huperzia_javanica,121.518056,24.750556
Huperzia_javanica,121.519186,24.907846
Huperzia_javanica,121.522433,24.622617
Huperzia_somae,121.524293,24.499265
Huperzia_somae,121.524303,24.499187
Huperzia_javanica,121.524722,24.827778
Huperzia_quasipolytrichoides,121.525556,24.498611
Huperzia_somae,121.525688,24.50519
Huperzia_javanica,121.525833,25.172778
Huperzia_somae,121.525898,24.505106
Huperzia_javanica,121.526111,25.172778
Huperzia_javanica,121.526549,24.502998
Huperzia_javanica,121.528056,24.489722
Huperzia_quasipolytrichoides,121.528056,24.489722
Huperzia_somae,121.528056,24.489722
Huperzia_somae,121.5281,24.4897
Huperzia_javanica,121.529194,24.711784
Huperzia_quasipolytrichoides,121.53,24.49
Huperzia_somae,121.53,24.49
Huperzia_javanica,121.53,24.69
Huperzia_somae,121.5316,24.5048
Huperzia_somae,121.532668,24.500743
Huperzia_quasipolytrichoides,121.532778,24.491667
Huperzia_javanica,121.53333,24.48333
Huperzia_javanica,121.533333,24.683333
Huperzia_quasipolytrichoides,121.533333,24.883333
Huperzia_javanica,121.535679,24.539209
Huperzia_quasipolytrichoides,121.535833,24.694444
Huperzia_javanica,121.537778,24.479444
Huperzia_quasipolytrichoides,121.54,24.69
Huperzia_javanica,121.55,24.766667
Huperzia_javanica,121.55,24.777778
Huperzia_javanica,121.55,24.833333
Huperzia_javanica,121.55,24.866667
Huperzia_javanica,121.553056,24.873889
Huperzia_javanica,121.554499,24.829457
Huperzia_somae,121.5547,24.4819
Huperzia_javanica,121.555556,24.872222
Huperzia_javanica,121.56,29.86
Huperzia_somae,121.562,24.5873
Huperzia_javanica,121.562761,24.48704
Huperzia_javanica,121.565035,24.706201
Huperzia_javanica,121.566453,24.685982
Huperzia_javanica,121.570576,24.863097
Huperzia_quasipolytrichoides,121.570958,24.922953
Huperzia_javanica,121.573435,24.696882
Huperzia_javanica,121.58,25.16
Huperzia_somae,121.5833,24.5167
Huperzia_javanica,121.58333,24.5
Huperzia_javanica,121.583333,24.516667
Huperzia_somae,121.583333,24.516667
Huperzia_javanica,121.594214,24.756006
Huperzia_javanica,121.598139,24.740049
Huperzia_somae,121.598512,24.515392
Huperzia_javanica,121.599722,24.7925
Huperzia_somae,121.6,24.5
Huperzia_somae,121.6,24.52
Huperzia_javanica,121.600496,24.545663
Huperzia_somae,121.6021,24.4203
Huperzia_somae,121.602115,24.420269
Huperzia_somae,121.608674,24.512428
Huperzia_somae,121.608736,24.512322
Huperzia_somae,121.609351,24.511724
Huperzia_somae,121.61,24.51
Huperzia_somae,121.610456,24.511361
Huperzia_somae,121.612358,24.508864
Huperzia_javanica,121.619167,24.933889
Huperzia_javanica,121.643333,24.231667
Huperzia_javanica,121.648056,24.2325
Huperzia_quasipolytrichoides,121.648056,24.2325
Huperzia_javanica,121.65,24.308333
Huperzia_javanica,121.652496,24.949961
Huperzia_javanica,121.661944,24.869444
Huperzia_javanica,121.663147,24.43578
Huperzia_javanica,121.70934,24.89683
Huperzia_javanica,121.71,24.38
Huperzia_javanica,121.73,24.38
Huperzia_javanica,121.736111,24.888889
Huperzia_somae,121.7573,24.563
Huperzia_javanica,121.764527,24.989016
Huperzia_javanica,121.78,24.89
Huperzia_selago,121.8,24.466667
Huperzia_selago,121.8,24.4667
Huperzia_javanica,121.8,24.916667
Huperzia_serrata,123.73,41.31
Huperzia_serrata,124.05,40.47
Huperzia_serrata,124.77,40.75
Huperzia_serrata,125.33,41.28
Huperzia_serrata,126.657,41.896
Huperzia_miyoshiana,126.723787,45.973419
Huperzia_serrata,126.91,41.81
Huperzia_serrata,127,42
Huperzia_serrata,127.139,43.7
Huperzia_serrata,127.27,42.33
Huperzia_serrata,127.28,42.34
Huperzia_serrata,127.848,43.889
Huperzia_serrata,127.95,45.22
Huperzia_miyoshiana,128.0028,44.2159
Huperzia_serrata,128.043153,44.110622
Huperzia_miyoshiana,128.043153,44.110622
Huperzia_serrata,128.043153,44.108289
Huperzia_serrata,128.17,41.43
Huperzia_serrata,128.18,43.35
Huperzia_miyoshiana,128.200815,41.420051
Huperzia_serrata,128.31,42.58
Huperzia_asiatica,128.51,42.78
Huperzia_lucidula,128.51,42.78
Huperzia_miyoshiana,128.51,42.78
Huperzia_selago,128.51,42.78
Huperzia_serrata,128.51,42.78
Huperzia_miyoshiana,128.990833,46.947778
Huperzia_asiatica,129.88,43.58
Huperzia_lucidula,129.88,43.58
Huperzia_serrata,134.01,46.78
Huperzia_rubicaulis,95.4289,29.4289
Huperzia_quasipolytrichoides,98.66582,27.740736
Huperzia_javanica,98.66582,27.740736
Huperzia_javanica,98.759918,24.848803
Huperzia_javanica,98.7617,24.8392
Huperzia_javanica,98.767778,24.830833
Huperzia_javanica,98.767784,24.830837
Huperzia_javanica,98.7678,24.8308
Huperzia_javanica,102.234618,29.914155
Huperzia_javanica,102.678073,29.351675
Huperzia_javanica,102.709729,25.045286
Huperzia_javanica,102.758313,30.066708
Huperzia_javanica,102.92,30.15
Huperzia_javanica,103.1,30.06
Huperzia_javanica,103.23,29.73
Huperzia_javanica,103.39,29.49
Huperzia_javanica,103.398589,29.496119
Huperzia_javanica,103.48,29.6
Huperzia_javanica,103.517333,30.965092
Huperzia_javanica,103.571742,28.262715
Huperzia_javanica,103.603337,31.051035
Huperzia_javanica,103.612264,30.996299
Huperzia_javanica,103.67,22.68
Huperzia_javanica,103.676251,28.685449
Huperzia_javanica,103.84,29.04
Huperzia_javanica,103.942756,29.235444
Huperzia_javanica,104.250727,23.363
Huperzia_javanica,104.337169,23.605727
Huperzia_javanica,104.672252,23.437468
Huperzia_javanica,105.055261,24.046484
Huperzia_javanica,105.28,25.46
Huperzia_javanica,105.39,25.13
Huperzia_javanica,105.399807,25.133406
Huperzia_javanica,105.47,25.12
Huperzia_javanica,105.7,28.58
Huperzia_javanica,105.822072,23.258134
Huperzia_javanica,105.9348,31.732429
Huperzia_javanica,106.08,30.79
Huperzia_javanica,106.25,26.4
Huperzia_javanica,106.259272,29.290189
Huperzia_javanica,106.26,29.29
Huperzia_javanica,106.39,29.8
Huperzia_javanica,106.4,29.8
Huperzia_javanica,106.61,23.9
Huperzia_javanica,106.618742,23.9022
Huperzia_javanica,106.633387,24.392902
Huperzia_javanica,106.75,26.63
Huperzia_javanica,106.761103,26.543493
Huperzia_javanica,106.86,22.06
Huperzia_javanica,106.97,26.45
Huperzia_javanica,106.97,27.07
Huperzia_javanica,107.099275,29.157849
Huperzia_javanica,107.099276,29.157849
Huperzia_javanica,107.1,29.16
Huperzia_javanica,107.112032,22.762995
Huperzia_javanica,107.244995,31.911853
Huperzia_javanica,107.43,28.55
Huperzia_javanica,107.53,25.83
Huperzia_javanica,107.75,34.28
Huperzia_javanica,107.9,26.9
Huperzia_javanica,107.97,26.58
Huperzia_javanica,108.07,26.38
Huperzia_javanica,108.12,30
Huperzia_javanica,108.22,23.22
Huperzia_javanica,108.232005,23.636406
Huperzia_javanica,108.25,24.83
Huperzia_javanica,108.31,25.1
Huperzia_javanica,108.310905,22.653799
Huperzia_javanica,108.315175,25.107246
Huperzia_javanica,108.4,27.99
Huperzia_javanica,108.623457,23.496251
Huperzia_javanica,108.842336,24.905949
Huperzia_javanica,108.85,27.69
Huperzia_javanica,108.89,23.17
Huperzia_javanica,108.93,30.29
Huperzia_javanica,108.936374,30.290996
Huperzia_javanica,109.2,26.92
Huperzia_javanica,109.2,28.15
Huperzia_javanica,109.2,28.17
Huperzia_javanica,109.202889,28.154072
Huperzia_javanica,109.479425,30.295026
Huperzia_javanica,109.484961,29.990847
Huperzia_javanica,109.484961,29.990847
Huperzia_javanica,109.65,28.7
Huperzia_javanica,109.716667,30.016667
Huperzia_javanica,109.83,27.2
Huperzia_javanica,109.85,29
Huperzia_javanica,110,25.8
Huperzia_javanica,110.03,29.9
Huperzia_javanica,110.032936,29.887732
Huperzia_javanica,110.040007,25.742153
Huperzia_javanica,110.05,25.25
Huperzia_javanica,110.050532,25.255089
Huperzia_crassifolia,110.0572097,29.75426999
Huperzia_crassifolia,110.0608167,29.80060611
Huperzia_crassifolia,110.080749,29.7799
Huperzia_crassifolia,110.1034113,29.79012
Huperzia_javanica,110.15,29.4
Huperzia_javanica,110.16,29.39
Huperzia_javanica,110.2,25.23
Huperzia_javanica,110.235565,24.175587
Huperzia_javanica,110.24,24.14
Huperzia_crispata,110.340757,31.042327
Huperzia_javanica,110.440546,25.405097
Huperzia_javanica,110.47,29.2
Huperzia_javanica,110.585686,25.60168
Huperzia_javanica,110.63,26.72
Huperzia_crispata,110.682525,31.750496
Huperzia_javanica,110.85,26.43
Huperzia_javanica,111.03,27.12
Huperzia_javanica,111.031652,22.446542
Huperzia_javanica,111.13,29.42
Huperzia_javanica,111.191944,22.282222
Huperzia_javanica,111.195556,22.274444
Huperzia_javanica,111.217222,22.290278
Huperzia_javanica,111.261345,30.966552
Huperzia_javanica,111.266022,23.25013
Huperzia_javanica,111.45,27.32
Huperzia_javanica,111.57,25.18
Huperzia_javanica,111.600795,25.526439
Huperzia_javanica,111.631136,26.221887
Huperzia_javanica,111.7,23.59
Huperzia_javanica,111.94,25.57
Huperzia_javanica,111.945802,25.570976
Huperzia_javanica,112.044025,22.929376
Huperzia_javanica,112.080663,24.567694
Huperzia_quasipolytrichoides,112.261267,30.973316
Huperzia_javanica,112.386111,26.410278
Huperzia_javanica,112.45,23.03
Huperzia_javanica,112.626493,24.466672
Huperzia_javanica,112.72,27.24
Huperzia_javanica,112.755582,23.101721
Huperzia_javanica,112.805557,27.221519
Huperzia_javanica,112.94,25.39
Huperzia_javanica,112.948819,25.39996
Huperzia_javanica,112.95,25.4
Huperzia_kunmingensis,113.05,24.94
Huperzia_javanica,113.07,28.25
Huperzia_crispata,113.166529,30.663372
Huperzia_javanica,113.18,24.81
Huperzia_javanica,113.217309,25.22845
Huperzia_javanica,113.27,24.78
Huperzia_javanica,113.35,25.13
Huperzia_javanica,113.415062,24.186045
Huperzia_javanica,113.445919,25.279899
Huperzia_javanica,113.577319,23.340975
Huperzia_javanica,113.72,28.19
Huperzia_javanica,113.745564,23.349959
Huperzia_javanica,113.854676,27.622868
Huperzia_javanica,113.891162,23.651361
Huperzia_javanica,114.016115,23.283211
Huperzia_javanica,114.05,22.54
Huperzia_javanica,114.1,26.58
Huperzia_javanica,114.100817,26.587146
Huperzia_javanica,114.117501,23.646234
Huperzia_javanica,114.199766,24.704411
Huperzia_javanica,114.25,23.73
Huperzia_javanica,114.269636,23.376591
Huperzia_javanica,114.27,26.72
Huperzia_javanica,114.35,25.39
Huperzia_javanica,114.358084,25.395202
Huperzia_javanica,114.41263,29.010101
Huperzia_javanica,114.48,24.37
Huperzia_javanica,114.492881,29.604273
Huperzia_javanica,114.514242,26.32496
Huperzia_javanica,114.530131,24.742369
Huperzia_javanica,114.61,27.39
Huperzia_javanica,114.619889,27.392869
Huperzia_javanica,114.676044,27.810279
Huperzia_javanica,114.78,28.38
Huperzia_javanica,114.780982,28.385228
Huperzia_javanica,114.789812,24.911106
Huperzia_javanica,114.96,29.32
Huperzia_javanica,114.963104,29.326488
Huperzia_javanica,114.963105,29.326488
Huperzia_javanica,115.01161,25.860662
Huperzia_javanica,115.38,28.7
Huperzia_javanica,115.384898,28.700808
Huperzia_javanica,115.65,24.95
Huperzia_javanica,115.650137,24.95476
Huperzia_javanica,115.7,23.78
Huperzia_javanica,115.701645,23.781005
Huperzia_javanica,115.701646,23.781005
Huperzia_javanica,115.77,23.93
Huperzia_javanica,115.8,29.03
Huperzia_javanica,115.972806,29.342501
Huperzia_javanica,115.973839,29.549439
Huperzia_javanica,115.98,29.68
Huperzia_javanica,115.989221,29.671778
Huperzia_javanica,115.99,29.61
Huperzia_javanica,115.998105,29.61015
Huperzia_javanica,116.027126,25.885558
Huperzia_javanica,116.32,26.83
Huperzia_javanica,116.325753,26.837264
Huperzia_javanica,116.343476,26.326566
Huperzia_javanica,116.420102,25.049515
Huperzia_javanica,116.763457,25.707879
Huperzia_javanica,117.027537,30.096685
Huperzia_javanica,117.17,26.9
Huperzia_javanica,117.2,24.3
Huperzia_javanica,117.2,26.37
Huperzia_javanica,117.3,24.37
Huperzia_javanica,117.31,24.7
Huperzia_javanica,117.47,26.72
Huperzia_quasipolytrichoides,117.578709,28.946467
Huperzia_javanica,117.578709,28.946467
Huperzia_javanica,117.70945,28.315215
Huperzia_javanica,117.71739,29.854053
Huperzia_javanica,117.78,26.4
Huperzia_javanica,117.792739,26.397146
Huperzia_javanica,117.862004,29.247988
Huperzia_javanica,117.976373,28.443318
Huperzia_javanica,118.03,27.75
Huperzia_javanica,118.12,27.33
Huperzia_javanica,118.13,30.3
Huperzia_javanica,118.18,26.64
Huperzia_javanica,118.182303,26.640478
Huperzia_javanica,118.19,26.17
Huperzia_javanica,118.23,25.5
Huperzia_javanica,118.24,25.65
Huperzia_javanica,118.24,28.67
Huperzia_javanica,118.242051,28.676309
Huperzia_javanica,118.62,28.73
Huperzia_javanica,118.62,28.75
Huperzia_javanica,118.925543,28.977144
Huperzia_javanica,118.98,30.63
Huperzia_javanica,119.05,27.62
Huperzia_javanica,119.06,27.61
Huperzia_javanica,119.141815,28.074413
Huperzia_nanchuanensis,119.21612,27.939284
Huperzia_javanica,119.276247,28.59204
Huperzia_javanica,119.28,42.03
Huperzia_javanica,119.29,42.04
Huperzia_javanica,119.36,30.19
Huperzia_javanica,119.56,30.62
Huperzia_javanica,119.57,28.11
Huperzia_javanica,119.635867,27.973349
Huperzia_javanica,119.72,30.23
Huperzia_javanica,119.82,31.37
Huperzia_javanica,119.823343,31.375019
Huperzia_javanica,119.916426,28.451836
Huperzia_javanica,119.93,27.56
Huperzia_javanica,119.938731,27.561804
Huperzia_javanica,120.17,30.27
Huperzia_javanica,120.172974,30.273977
Huperzia_javanica,120.299456,31.579934
Huperzia_javanica,120.374912,27.643456
Huperzia_javanica,120.475795,27.827976
Huperzia_javanica,120.57,27.67
Huperzia_javanica,120.621653,23.502332
Huperzia_javanica,120.63,27.78
Huperzia_javanica,120.658056,22.582778
Huperzia_javanica,120.675186,23.534269
Huperzia_javanica,120.680833,22.978611
Huperzia_javanica,120.7,23
Huperzia_javanica,120.7,23.5
Huperzia_javanica,120.700684,23.470783
Huperzia_javanica,120.702481,23.4724
Huperzia_javanica,120.714,23.4989
Huperzia_javanica,120.715142,23.523569
Huperzia_javanica,120.716225,23.482932
Huperzia_javanica,120.716667,22.425
Huperzia_javanica,120.716667,22.616667
Huperzia_javanica,120.716667,23
Huperzia_javanica,120.719358,23.497539
Huperzia_javanica,120.73333,22.4
Huperzia_javanica,120.733333,22.416667
Huperzia_javanica,120.736944,23.063889
Huperzia_javanica,120.739722,22.411944
Huperzia_javanica,120.74,22.41
Huperzia_javanica,120.74,22.61
Huperzia_javanica,120.742102,22.615124
Huperzia_javanica,120.744722,22.611389
Huperzia_javanica,120.74727,23.478267
Huperzia_javanica,120.749167,23.081944
Huperzia_javanica,120.75,22.416667
Huperzia_javanica,120.75,22.42
Huperzia_javanica,120.75,24.433333
Huperzia_javanica,120.751111,23.080833
Huperzia_javanica,120.752222,22.630556
Huperzia_javanica,120.753339,23.423908
Huperzia_javanica,120.757222,22.400556
Huperzia_javanica,120.760003,22.406831
Huperzia_javanica,120.7625,22.408889
Huperzia_javanica,120.763977,22.409304
Huperzia_javanica,120.766667,22.4
Huperzia_javanica,120.76667,22.4
Huperzia_javanica,120.770556,23.085833
Huperzia_javanica,120.770833,23.086389
Huperzia_javanica,120.774167,22.721389
Huperzia_javanica,120.776944,22.434444
Huperzia_javanica,120.776977,23.476208
Huperzia_javanica,120.78,22.691389
Huperzia_javanica,120.78,23.62
Huperzia_javanica,120.780042,23.556503
Huperzia_javanica,120.781944,23.787778
Huperzia_javanica,120.78333,23.53333
Huperzia_javanica,120.78333,23.58333
Huperzia_javanica,120.78333,23.6
Huperzia_javanica,120.78333,23.61667
Huperzia_javanica,120.783333,23.616667
Huperzia_javanica,120.786389,23.670556
Huperzia_javanica,120.786667,23.64
Huperzia_javanica,120.786676,23.63778
Huperzia_javanica,120.790842,23.635958
Huperzia_javanica,120.7909,22.387305
Huperzia_javanica,120.793207,23.636678
Huperzia_javanica,120.793295,23.650744
Huperzia_javanica,120.796071,23.513603
Huperzia_javanica,120.796553,23.513875
Huperzia_javanica,120.799722,23.546667
Huperzia_javanica,120.8,23.1
Huperzia_javanica,120.8,23.55
Huperzia_javanica,120.8007,23.485849
Huperzia_javanica,120.806111,23.516667
Huperzia_javanica,120.806944,22.701667
Huperzia_javanica,120.81,22.7
Huperzia_javanica,120.81509,22.37983
Huperzia_javanica,120.819167,23.494167
Huperzia_javanica,120.824772,22.863781
Huperzia_javanica,120.86666,23.51666
Huperzia_javanica,120.871663,23.48044
Huperzia_javanica,120.877976,23.548443
Huperzia_javanica,120.883333,22.733333
Huperzia_javanica,120.891092,23.478276
Huperzia_javanica,120.895556,22.731111
Huperzia_javanica,120.9,23.283333
Huperzia_javanica,120.919722,23.460833
Huperzia_javanica,120.933333,22.633333
Huperzia_javanica,120.935966,23.429525
Huperzia_javanica,120.94059,24.22906
Huperzia_javanica,120.94488,24.18076
Huperzia_javanica,120.947616,23.568523
Huperzia_javanica,120.948191,23.436178
Huperzia_javanica,120.95,24.483333
Huperzia_javanica,120.966667,22.616667
Huperzia_javanica,120.966667,24.55
Huperzia_javanica,120.97,29.14
Huperzia_javanica,120.976081,29.144543
Huperzia_javanica,120.9825,24.109444
Huperzia_javanica,120.992395,24.1247
Huperzia_javanica,120.993183,23.851464
Huperzia_javanica,120.993333,23.849444
Huperzia_javanica,120.995556,24.591389
Huperzia_javanica,120.998056,23.231944
Huperzia_javanica,121,22.8
Huperzia_javanica,121,24.166667
Huperzia_javanica,121.006944,24.521667
Huperzia_javanica,121.01,24.52
Huperzia_javanica,121.016667,24.153889
Huperzia_javanica,121.016667,24.516667
Huperzia_javanica,121.019722,23.188333
Huperzia_javanica,121.02,28.25
Huperzia_javanica,121.023821,24.525184
Huperzia_javanica,121.028333,24.075278
Huperzia_javanica,121.03,24.51
Huperzia_javanica,121.03118,24.09308
Huperzia_javanica,121.033333,22.883333
Huperzia_javanica,121.033333,22.9
Huperzia_javanica,121.033889,24.265833
Huperzia_javanica,121.034722,24.511667
Huperzia_javanica,121.035833,24.070556
Huperzia_javanica,121.067778,24.474444
Huperzia_javanica,121.073914,24.526987
Huperzia_javanica,121.083161,24.512408
Huperzia_javanica,121.1,24.48333
Huperzia_javanica,121.1,24.5
Huperzia_javanica,121.110556,24.497778
Huperzia_javanica,121.114318,24.510194
Huperzia_javanica,121.12,23.07
Huperzia_javanica,121.120833,24.075833
Huperzia_javanica,121.123056,23.073333
Huperzia_javanica,121.139167,24.030556
Huperzia_javanica,121.15,23.05
Huperzia_javanica,121.153056,24.32
Huperzia_javanica,121.155556,24.628611
Huperzia_javanica,121.16,24.63
Huperzia_javanica,121.161944,24.0675
Huperzia_javanica,121.166667,22.916667
Huperzia_javanica,121.166667,24.633333
Huperzia_javanica,121.173613,24.089092
Huperzia_javanica,121.199722,24.625
Huperzia_javanica,121.2,24.63
Huperzia_javanica,121.219722,24.553611
Huperzia_javanica,121.219969,24.55372
Huperzia_javanica,121.22,24.55
Huperzia_javanica,121.233333,24.566667
Huperzia_javanica,121.236667,24.394444
Huperzia_javanica,121.24,24.39
Huperzia_javanica,121.2475,24.255556
Huperzia_javanica,121.266667,23.266667
Huperzia_javanica,121.273611,24.427222
Huperzia_javanica,121.273742,24.664532
Huperzia_javanica,121.279183,24.668842
Huperzia_javanica,121.283333,24.316667
Huperzia_javanica,121.283333,24.566667
Huperzia_javanica,121.297778,24.691944
Huperzia_javanica,121.3,24.566667
Huperzia_javanica,121.3,24.69
Huperzia_javanica,121.303257,24.006023
Huperzia_javanica,121.305,24.431944
Huperzia_javanica,121.305007,24.339272
Huperzia_javanica,121.316389,24.754444
Huperzia_javanica,121.31667,24.13333
Huperzia_javanica,121.333333,24.583333
Huperzia_javanica,121.335278,24.528056
Huperzia_javanica,121.344444,24.585833
Huperzia_javanica,121.345,24.385556
Huperzia_javanica,121.351898,24.300469
Huperzia_javanica,121.360833,24.929167
Huperzia_javanica,121.378056,24.519722
Huperzia_javanica,121.378611,24.537778
Huperzia_javanica,121.38,24.52
Huperzia_javanica,121.38,24.54
Huperzia_javanica,121.38333,24.56667
Huperzia_javanica,121.383333,24.566667
Huperzia_javanica,121.383333,24.65
Huperzia_javanica,121.383333,24.8
Huperzia_javanica,121.39,24.58
Huperzia_javanica,121.391667,24.575
Huperzia_javanica,121.393611,24.57
Huperzia_javanica,121.396389,24.179167
Huperzia_javanica,121.399444,24.578889
Huperzia_javanica,121.4,24.18
Huperzia_javanica,121.4,24.57
Huperzia_javanica,121.4,24.58
Huperzia_javanica,121.4,24.583333
Huperzia_javanica,121.4,24.8
Huperzia_javanica,121.400833,24.578889
Huperzia_javanica,121.401111,24.569722
Huperzia_javanica,121.401944,24.705
Huperzia_javanica,121.401955,24.723022
Huperzia_javanica,121.402778,24.491667
Huperzia_javanica,121.405559,24.819756
Huperzia_javanica,121.407222,24.576667
Huperzia_javanica,121.407674,24.878323
Huperzia_javanica,121.41,24.57
Huperzia_javanica,121.410278,24.571111
Huperzia_javanica,121.416667,24.733333
Huperzia_javanica,121.41667,24.65
Huperzia_javanica,121.417778,24.763056
Huperzia_javanica,121.4247,29.2892
Huperzia_javanica,121.425833,24.735278
Huperzia_javanica,121.426111,24.735278
Huperzia_javanica,121.42657,24.709328
Huperzia_javanica,121.43,24.73
Huperzia_javanica,121.432868,24.648254
Huperzia_javanica,121.433333,24.65
Huperzia_javanica,121.434167,24.73
Huperzia_javanica,121.435278,24.716111
Huperzia_javanica,121.435556,23.9075
Huperzia_javanica,121.437432,24.709477
Huperzia_javanica,121.437497,24.710006
Huperzia_javanica,121.43956,24.72766
Huperzia_javanica,121.44,24.72
Huperzia_javanica,121.441033,24.71046
Huperzia_javanica,121.443611,24.411944
Huperzia_javanica,121.4451,24.7374
Huperzia_javanica,121.447,24.73917
Huperzia_javanica,121.448,24.73921
Huperzia_javanica,121.4488,24.73946
Huperzia_javanica,121.4494,24.74055
Huperzia_javanica,121.45,24.783333
Huperzia_javanica,121.457312,24.814607
Huperzia_javanica,121.458333,24.75
Huperzia_javanica,121.46,24.49
Huperzia_javanica,121.46,24.75
Huperzia_javanica,121.461111,24.488889
Huperzia_javanica,121.462171,24.491754
Huperzia_javanica,121.466111,24.479167
Huperzia_javanica,121.466944,24.685556
Huperzia_javanica,121.4683,24.75198
Huperzia_javanica,121.47,24.48
Huperzia_javanica,121.47,24.68
Huperzia_javanica,121.47,24.69
Huperzia_javanica,121.470553,24.479673
Huperzia_javanica,121.470556,24.678056
Huperzia_javanica,121.470833,24.479167
Huperzia_javanica,121.478889,24.819444
Huperzia_javanica,121.483333,24.683333
Huperzia_javanica,121.483333,24.9
Huperzia_javanica,121.49,29.31
Huperzia_javanica,121.492222,24.775
Huperzia_javanica,121.495468,24.835895
Huperzia_javanica,121.5,24.777778
Huperzia_javanica,121.5,25.175833
Huperzia_javanica,121.5,25.183333
Huperzia_javanica,121.502778,24.597222
Huperzia_javanica,121.504772,24.55146
Huperzia_javanica,121.510412,24.650854
Huperzia_javanica,121.51667,24.46667
Huperzia_javanica,121.51667,24.68333
Huperzia_javanica,121.519592,25.183772
Huperzia_javanica,121.522433,24.622617
Huperzia_javanica,121.524722,24.827778
Huperzia_javanica,121.525688,24.50519
Huperzia_javanica,121.525833,25.172778
Huperzia_javanica,121.526111,25.172778
Huperzia_javanica,121.526549,24.502998
Huperzia_javanica,121.528056,24.489722
Huperzia_javanica,121.529444,24.694167
Huperzia_javanica,121.529445,24.694167
Huperzia_javanica,121.53,24.69
Huperzia_javanica,121.53333,24.48333
Huperzia_javanica,121.53333,24.68333
Huperzia_javanica,121.533333,24.683333
Huperzia_javanica,121.54399,29.868336
Huperzia_javanica,121.545556,25.165556
Huperzia_javanica,121.55,24.766667
Huperzia_javanica,121.55,24.777778
Huperzia_javanica,121.55,24.833333
Huperzia_javanica,121.55,24.866667
Huperzia_javanica,121.555556,24.872222
Huperzia_javanica,121.58,25.16
Huperzia_javanica,121.580555,25.163888
Huperzia_javanica,121.58333,24.5
Huperzia_javanica,121.583333,24.516667
Huperzia_javanica,121.600276,24.518735
Huperzia_javanica,121.619167,24.933889
Huperzia_javanica,121.648056,24.2325
Huperzia_javanica,121.65,24.308333
Huperzia_javanica,121.661944,24.869444
Huperzia_javanica,121.663147,24.43578
Huperzia_javanica,121.71,24.38
Huperzia_javanica,121.7125,24.381111
Huperzia_javanica,121.73,24.38
Huperzia_javanica,121.73,24.383611
Huperzia_javanica,121.736111,24.888889
Huperzia_javanica,121.766783,24.871247
Huperzia_javanica,121.776111,24.888611
Huperzia_javanica,121.78,24.89
Huperzia_javanica,121.8,24.916667
Huperzia_asiatica,128.043153,44.108289
